<?xml version="1.0" encoding="UTF-8" standalone="no"?>
<registration_data version="1.0">
   <environment>
      <hostname>workinspiron15R</hostname>
      <hostId/>
      <osName>Windows NT (unknown)</osName>
      <osVersion>6.2</osVersion>
      <osArchitecture>amd64</osArchitecture>
      <systemModel>Inspiron 5537</systemModel>
      <systemManufacturer>Dell Inc.</systemManufacturer>
      <cpuManufacturer>GenuineIntel</cpuManufacturer>
      <serialNumber>H4F8QZ1</serialNumber>
   </environment>
   <registry urn="urn:st:f7eebc19-f600-4d83-b59f-a903336e5364" version="1.0">
      <service_tag>
         <instance_urn>urn:st:2e54afb0-9111-487a-8d50-ac776ed6fae1</instance_urn>
         <product_name>Java SE 7 Development Kit</product_name>
         <product_version>1.7.0_02</product_version>
         <product_urn>JSEZ9-007-ZZZZ</product_urn>
         <product_parent_urn>urn:uuid:dc1704fe-264f-11dc-9482-080020a9ed93</product_parent_urn>
         <product_parent>Java Platform Standard Edition 7 (Java SE 7)</product_parent>
         <product_defined_inst_id>id=1.7.0_02-b13 amd64,dir=C:\Program Files\Java\jdk1.7.0_02\jre</product_defined_inst_id>
         <product_vendor>Oracle Corporation</product_vendor>
         <platform_arch>amd64</platform_arch>
         <timestamp>2015-08-13 21:53:19 GMT</timestamp>
         <container>global</container>
         <source>Windows JDK i586 installer</source>
         <installer_uid>-1</installer_uid>
      </service_tag>
   </registry>
</registration_data>
